firstname,surname,company,job title
Oliver,Jefferson,Quam Vel Corporation,IT Resident
Xenos,Snow,Tellus LLC,CTO
Emerson,Delgado,Sagittis Ltd,CFO
Ignatius,Henderson,Id Risus Quis Ltd, CTO
Abel,Burnett,Dui Cum Sociis Limited,CEO
Dustin,Daugherty,Pharetra Corp., IT Resident
Thaddeus,Macdonald,Magna Nam Ligula LLP, CTO
Guy,Chen,Dictum Eu LLP, IT Resident
Ulysses,Mcgowan,Aliquam Adipiscing Lacus Incorporated, CFO
Clinton,Ellis,Placerat Velit Limited, CTO
Dolan,Cohen,Sed LLP, IT Resident
Theodore,Ford,Montes Nascetur Ridiculus Limited, IT Resident
Carson,Sykes,Non Dapibus PC, IT Resident
Ulric,Mercer,Orci Lobortis Associates,CEO
Jackson,Dotson,Eget Tincidunt Dui Corporation,CEO
Elliott,Rojas,Nec Metus Facilisis PC, CFO
Judah,Salinas,Orci Foundation, CTO
Ryan,Potter,Dignissim Consulting,CEO
